time_s,alpha_m_rad_s2,omega_m_rad_s,theta_m_rad
0.0,-2177.7969668472024,0.0,0.0
0.01,2651.174157272226,2.366885952125117,0.011834429760625584
0.02,0.0,15.622756738486245,0.1017826432136824
0.03,7280.415368094467,52.024833578958585,0.4400205948009066
0.04,5008.18461200489,113.46783347945538,1.2674839300929763
0.05,0.0,138.50875653947983,2.5273668801876523
0.06,0.0,138.50875653947983,3.9124544455824504
0.07,0.0,138.50875653947983,5.297542010977248
0.08,0.0,138.50875653947983,6.6826295763720465
