time_s,alpha_m_rad_s2,omega_m_rad_s,theta_m_rad
0.0,-6195.686255910111,0.0,0.0
0.01,-5411.255360481502,-58.03470808195807,-0.2901735404097904
0.02,0.0,-85.09098488436558,-1.0058020052414087
0.03,0.0,-85.09098488436558,-1.8567118540850647
0.04,6037.144436004487,-54.905262704343144,-2.5566930920286084
0.05,7009.963762258827,10.330278286973439,-2.779568014115457
0.06,4003.5432268683626,65.39781323260938,-2.400927556517543
0.07,0.0,85.41552936695119,-1.64686084351974
0.08,0.0,85.41552936695119,-0.7927055498502281
