time_s,alpha_m_rad_s2,omega_m_rad_s,theta_m_rad
0.0,6960.2481621879515,0.0,0.0
0.01,9691.428717285053,83.25838439736502,0.41629192198682513
0.02,8648.6019923843,174.95853794571178,1.707376533702209
0.03,5145.324362015402,243.9281697177103,3.8018100720193195
0.04,-0.0,269.6547915277873,6.369724878246807
0.05,-0.0,269.6547915277873,9.06627279352468
0.06,-4939.481811276398,244.95738247140534,11.639333663520643
0.07,-7940.725737802856,180.55634472600906,13.766902299507716
0.08,-8795.171584339287,96.87685811529833,15.154068313714253
