time_s,alpha_m_rad_s2,omega_m_rad_s,theta_m_rad
0.0,0.0,0.0,0.0
0.01,0.0,0.0,0.0
0.02,0.0,0.0,0.0
0.03,0.0,0.0,0.0
0.04,0.0,0.0,0.0
0.05,0.0,0.0,0.0
0.06,0.0,0.0,0.0
0.07,0.0,0.0,0.0
0.08,-3716.3477408318267,-18.581738704159132,-0.09290869352079566
