time_s,alpha_m_rad_s2,omega_m_rad_s,theta_m_rad
0.0,0.0,0.0,0.0
0.01,0.0,0.0,0.0
0.02,6960.2481621879515,34.80124081093976,0.1740062040546988
0.03,9691.428717285053,118.05962520830478,0.9383105341509216
0.04,8648.6019923843,209.75977875665154,2.577407553975703
0.05,5145.324362015402,278.7294105286501,5.019853500402212
0.06,-0.0,304.4560323387271,7.9357807147390975
0.07,-0.0,304.4560323387271,10.980341038126369
0.08,-4939.481811276398,279.75862328234507,13.90141431623173
